OrderID,CustomerName,Product,Category,Quantity,UnitPrice,OrderDate,Country
1001,Angela Pugh,Orange Juice,Beverages,4,28.57,2025-07-21,UK
1002,Laura Fields,Milk,Dairy,5,5.44,2025-02-03,UK
1003,David Alvarado,Orange Juice,Beverages,8,10.61,2025-04-05,France
1004,Ashley Weaver,Milk,Dairy,3,1.5,2024-05-22,USA
1005,Sean Rogers,Milk,Dairy,6,0.92,2024-04-01,Germany
1006,Michelle Buchanan,Apple,Produce,1,9.75,2025-12-30,Brazil
1007,George Bell,Cheese,Dairy,1,16.17,2025-02-27,South Korea
1008,Michael Gonzalez,Whole Wheat Bread,Bakery,3,12.03,2024-09-26,Germany
1009,Nathaniel Monroe,Cheese,Dairy,3,25.92,2024-09-20,South Korea
1010,Michael Orr,Apple,Produce,9,2.79,2025-04-15,Germany
1011,Sarah Williams,Cheese,Dairy,2,12.12,2024-06-09,USA
1012,Ashley Carrillo,Apple,Produce,2,20.81,2025-03-10,South Korea
1013,Scott Barrett,Orange Juice,Beverages,8,1.9,2025-05-14,Brazil
1014,Tracie Ray,Cod Fillet,Seafood,4,6.2,2024-10-06,Germany
1015,Leonard Fowler,Salmon Steak,Seafood,6,6.95,2024-07-21,Germany
1016,Jodi Lamb,Banana,Produce,2,23.46,2025-06-01,USA
1017,Patrick Davidson,Whole Wheat Bread,Bakery,4,18.3,2026-01-13,France
1018,Sarah Johnson,Milk,Dairy,7,16.06,2024-09-16,Brazil
1019,Sherri Jimenez,Milk,Dairy,5,12.21,2025-07-31,USA
1020,Kristen Davis,Apple,Produce,8,11.28,2024-05-29,Germany
1021,Wayne Adams,Cheese,Dairy,1,1.36,2024-09-26,Poland
1022,Michael Cook,Milk,Dairy,1,6.68,2024-07-15,France
1023,Daniel Freeman,Zander Fillet,Seafood,1,21.6,2025-06-10,UK
1024,Ethan White III,Cod Fillet,Seafood,5,27.86,2025-08-27,USA
1025,Valerie Wright,Cheese,Dairy,7,25.64,2024-10-12,Germany
1026,Richard Barton,Salmon Steak,Seafood,1,2.75,2024-12-17,South Korea
1027,Anthony Lee,Milk,Dairy,5,22.13,2024-09-06,France
1028,Lauren Todd,Banana,Produce,3,14.64,2024-10-07,Italy
1029,Christina Smith,Zander Fillet,Seafood,1,21.9,2024-03-08,South Korea
1030,Mackenzie Lewis,Orange Juice,Beverages,9,21.58,2024-04-08,USA
1031,Richard Rodriguez,Whole Wheat Bread,Bakery,3,1.81,2024-08-01,South Korea
1032,Karen Lang MD,Cod Fillet,Seafood,4,17.29,2025-03-23,Germany
1033,Crystal Baker,Apple,Produce,7,18.49,2025-06-30,South Korea
1034,Joel Holmes,Halibut Fillet,Seafood,7,9.33,2025-04-13,Brazil
1035,Kevin Daniels,Salmon Steak,Seafood,10,24.42,2024-03-20,Poland
1036,Alexis Griffin,Apple,Produce,6,14.19,2025-05-31,Germany
1037,Colleen Cooper,Halibut Fillet,Seafood,10,4.45,2024-04-04,Poland
1038,Amber Davis,Orange Juice,Beverages,1,8.82,2024-07-31,UK
1039,Whitney Flores,Cheese,Dairy,4,11.16,2024-04-27,UK
1040,Kimberly Rush,Orange Juice,Beverages,6,15.76,2024-08-10,Poland
1041,Eric Banks,Apple,Produce,1,4.39,2025-06-07,Germany
1042,Austin Gomez,Milk,Dairy,6,7.27,2025-08-06,France
1043,John Nguyen,Cheese,Dairy,4,11.48,2024-09-19,Poland
1044,Peter Owens,Whole Wheat Bread,Bakery,4,8.08,2024-04-23,South Korea
1045,Johnathan Jackson,Salmon Steak,Seafood,3,9.66,2024-07-18,Poland
1046,Natalie Gardner,Milk,Dairy,1,8.66,2024-03-19,USA
1047,Brittany Everett,Salmon Steak,Seafood,6,1.86,2025-12-19,France
1048,Jordan King,Cod Fillet,Seafood,1,7.87,2024-10-21,USA
1049,Derek Martin,Apple,Produce,10,29.58,2024-12-01,France
1050,April Johnson,Orange Juice,Beverages,4,3.25,2025-04-21,France
1051,Jessica Aguilar,Cod Fillet,Seafood,6,11.6,2024-06-28,Germany
1052,Kimberly Farley,Salmon Steak,Seafood,6,12.51,2024-04-01,South Korea
1053,George Weiss PhD,Cod Fillet,Seafood,9,10.23,2025-06-15,Brazil
1054,Allison White,Zander Fillet,Seafood,4,10.39,2025-01-18,Germany
1055,Linda Martin,Zander Fillet,Seafood,10,15.8,2025-11-14,UK
1056,Sophia Parker,Halibut Fillet,Seafood,7,5.97,2025-09-16,Poland
1057,Christopher Salazar,Milk,Dairy,7,28.16,2025-08-31,Poland
1058,Michael Harmon,Cheese,Dairy,9,6.98,2025-03-18,South Korea
1059,Shane Martin,Whole Wheat Bread,Bakery,3,7.55,2025-06-22,France
1060,Lauren Cox,Whole Wheat Bread,Bakery,9,15.93,2024-11-23,Poland
1061,Lisa Cannon,Salmon Steak,Seafood,1,3.61,2025-09-14,Germany
1062,Mrs. Jamie Holmes,Apple,Produce,5,26.58,2024-10-04,South Korea
1063,David Kelly,Cheese,Dairy,9,11.06,2025-01-25,France
1064,Richard Khan,Zander Fillet,Seafood,4,26.71,2024-08-31,France
1065,Wendy Torres,Cod Fillet,Seafood,8,25.66,2024-12-19,Poland
1066,Juan Medina,Milk,Dairy,4,27.05,2025-12-04,Germany
1067,David Howe,Zander Fillet,Seafood,9,20.21,2024-10-02,Italy
1068,Robert Avila,Salmon Steak,Seafood,2,15.03,2024-07-25,UK
1069,Dorothy Cervantes,Cheese,Dairy,4,21.62,2024-08-05,Poland
1070,Jack Davis,Apple,Produce,4,11.56,2025-09-19,France
1071,Amy Reed,Orange Juice,Beverages,3,20.04,2026-01-03,Poland
1072,Paul Walker,Zander Fillet,Seafood,6,8.62,2024-02-26,Brazil
1073,April Moss,Banana,Produce,6,12.34,2025-01-19,Brazil
1074,Meghan Myers,Milk,Dairy,2,11.09,2025-09-08,Poland
1075,Terrance Sanchez,Cod Fillet,Seafood,5,7.6,2024-10-01,France
1076,James Pham,Zander Fillet,Seafood,4,1.61,2024-05-17,Poland
1077,Amber Jones,Cod Fillet,Seafood,5,26.61,2024-11-12,Germany
1078,Joshua Phillips,Cheese,Dairy,5,27.91,2024-08-02,Poland
1079,Scott Davenport,Apple,Produce,3,29.43,2024-08-03,Germany
1080,Sarah Lee,Apple,Produce,7,8.71,2024-07-08,UK
1081,Amber Rhodes,Salmon Steak,Seafood,9,12.39,2024-04-19,Brazil
1082,Kari Wilson,Whole Wheat Bread,Bakery,3,17.49,2024-02-19,France
1083,Samantha Scott,Salmon Steak,Seafood,6,11.34,2025-06-13,South Korea
1084,Dr. Jason Perez,Whole Wheat Bread,Bakery,2,10.29,2025-07-27,France
1085,Ronnie Campos,Cod Fillet,Seafood,9,21.34,2026-02-08,France
1086,Toni Weber,Orange Juice,Beverages,10,24.45,2024-11-01,UK
1087,William Carpenter,Salmon Steak,Seafood,9,18.7,2024-04-14,Germany
1088,Lori Silva,Whole Wheat Bread,Bakery,7,15.49,2024-04-03,Italy
1089,Robin Flowers,Halibut Fillet,Seafood,1,2.96,2024-05-15,Brazil
1090,Chad Carson,Zander Fillet,Seafood,7,1.7,2025-03-03,USA
1091,Carolyn Henderson,Salmon Steak,Seafood,7,20.46,2024-05-15,UK
1092,James May,Cheese,Dairy,10,16.69,2025-03-12,Italy
1093,Eric Rose PhD,Banana,Produce,10,25.94,2024-06-09,Poland
1094,Stephanie Carter,Halibut Fillet,Seafood,10,24.84,2026-01-25,Brazil
1095,Tracy Miller,Apple,Produce,1,24.99,2024-03-17,Germany
1096,James Phillips,Apple,Produce,7,3.38,2025-10-23,Italy
1097,Brenda Harrington,Halibut Fillet,Seafood,3,19.45,2025-01-20,Germany
1098,Karen Lowe,Salmon Steak,Seafood,10,10.3,2024-11-09,Poland
1099,Mario Baker,Milk,Dairy,3,13.67,2025-06-04,South Korea
1100,Kimberly Jimenez,Whole Wheat Bread,Bakery,5,6.26,2025-10-23,Brazil
1101,Jeffrey Smith,Orange Juice,Beverages,9,20.94,2026-02-09,Poland
1102,Cynthia Garcia,Whole Wheat Bread,Bakery,10,5.45,2024-04-07,USA
1103,Lori Harding,Banana,Produce,9,20.11,2024-04-26,Italy
1104,Jeffrey Scott,Cod Fillet,Seafood,7,20.02,2024-12-02,Italy
1105,Nicholas Dyer,Banana,Produce,7,2.29,2025-12-06,USA
1106,Victoria Miller,Zander Fillet,Seafood,5,4.4,2025-12-15,Italy
1107,Pamela Salazar,Apple,Produce,1,9.96,2025-05-11,Brazil
1108,Robert Adams,Halibut Fillet,Seafood,5,14.7,2024-10-06,USA
1109,Adrian Benitez,Whole Wheat Bread,Bakery,5,14.68,2024-05-08,Poland
1110,Raymond Navarro,Apple,Produce,7,2.3,2025-03-10,Brazil
1111,Katherine Keller DDS,Apple,Produce,4,2.22,2025-07-18,South Korea
1112,Chelsea Rosario,Whole Wheat Bread,Bakery,10,28.06,2025-10-30,France
1113,Mary Torres,Cod Fillet,Seafood,8,20.07,2024-02-24,Germany
1114,Crystal Christensen,Milk,Dairy,7,28.38,2025-08-28,Germany
1115,Deanna Ingram,Halibut Fillet,Seafood,8,20.61,2025-01-23,UK
1116,Linda Ward,Cod Fillet,Seafood,1,24.51,2025-07-27,UK
1117,Christopher Cummings,Apple,Produce,3,24.77,2026-01-27,France
1118,Amy Henderson,Whole Wheat Bread,Bakery,2,2.03,2024-07-31,USA
1119,Nicholas Pierce,Zander Fillet,Seafood,7,2.97,2024-11-14,France
1120,Amanda Gray,Whole Wheat Bread,Bakery,10,1.58,2025-10-13,USA
1121,Donald Short,Zander Fillet,Seafood,9,15.33,2024-04-03,USA
1122,Stephanie Powell,Apple,Produce,2,19.2,2025-03-05,Italy
1123,Hannah Walsh,Milk,Dairy,4,13.06,2025-12-13,Italy
1124,Regina Williams,Cheese,Dairy,4,6.06,2024-05-15,Poland
1125,Victoria Rogers,Milk,Dairy,3,29.72,2024-04-14,France
1126,Dawn Valdez,Halibut Fillet,Seafood,2,8.18,2025-10-29,France
1127,Gabriel Sanchez,Milk,Dairy,7,27.99,2024-06-26,Italy
1128,Megan Gregory,Cod Fillet,Seafood,7,22.75,2025-04-18,Poland
1129,Linda Jones,Zander Fillet,Seafood,9,11.89,2025-04-14,Poland
1130,Adrian Lopez,Halibut Fillet,Seafood,9,10.21,2025-07-05,UK
1131,Krystal Nguyen,Zander Fillet,Seafood,1,2.46,2025-02-10,Italy
1132,Michael Rhodes,Cheese,Dairy,3,3.56,2026-02-07,South Korea
1133,Bradley Marshall,Halibut Fillet,Seafood,3,15.25,2025-09-28,France
1134,Troy Wright,Apple,Produce,5,9.43,2024-12-12,Poland
1135,Timothy Lopez,Halibut Fillet,Seafood,5,22.79,2024-06-29,South Korea
1136,Paul Lin,Cheese,Dairy,7,3.55,2024-04-26,USA
1137,John Calderon,Whole Wheat Bread,Bakery,7,29.88,2025-11-13,USA
1138,Lee Francis,Apple,Produce,3,26.73,2025-08-01,UK
1139,Kelly Howell,Salmon Steak,Seafood,9,23.06,2025-12-10,Germany
1140,Michael Acosta,Cod Fillet,Seafood,6,3.35,2024-08-06,Italy
1141,Brianna Hale,Milk,Dairy,10,12.44,2024-05-21,UK
1142,Kelly Becker,Whole Wheat Bread,Bakery,2,3.27,2025-05-07,Italy
1143,Sandra Colon,Banana,Produce,3,17.82,2024-05-25,Italy
1144,Anthony Schwartz,Cod Fillet,Seafood,6,24.55,2025-12-22,South Korea
1145,Kristie Glover,Orange Juice,Beverages,9,18.12,2025-01-10,Germany
1146,Nicole Wood MD,Banana,Produce,3,23.51,2025-07-06,Brazil
1147,Laurie George,Orange Juice,Beverages,10,27.27,2024-12-27,South Korea
1148,Jeffrey Jensen,Zander Fillet,Seafood,2,14.54,2024-10-08,USA
1149,Charles Williams,Halibut Fillet,Seafood,8,4.32,2025-04-08,Poland
1150,Claudia Patel,Orange Juice,Beverages,1,20.72,2025-11-18,Germany
1151,Sheila Barker,Cheese,Dairy,1,3.31,2025-09-18,Poland
1152,Jermaine Prince,Banana,Produce,5,28.93,2024-10-26,Germany
1153,Jonathan Miller,Apple,Produce,6,27.81,2025-05-31,Germany
1154,Sara Barajas,Apple,Produce,4,17.02,2025-03-20,Germany
1155,Lisa Jones,Cheese,Dairy,2,5.74,2025-08-16,Poland
1156,Melissa Ward,Cod Fillet,Seafood,5,21.18,2024-04-22,UK
1157,Amanda Gibson,Orange Juice,Beverages,9,27.53,2024-06-25,USA
1158,Sabrina Haley,Milk,Dairy,6,14.16,2025-04-21,Germany
1159,Mark Wiggins,Apple,Produce,8,5.84,2025-10-06,Germany
1160,Ana Lopez,Whole Wheat Bread,Bakery,8,11.18,2024-08-03,USA
1161,Alexander Garcia,Apple,Produce,9,8.46,2025-12-09,UK
1162,Courtney Willis,Banana,Produce,1,9.04,2024-10-15,Italy
1163,Matthew Aguilar,Halibut Fillet,Seafood,3,24.84,2025-03-08,USA
1164,Nicholas Singleton,Zander Fillet,Seafood,5,18.75,2025-10-23,USA
1165,Brandi Tran,Whole Wheat Bread,Bakery,8,26.41,2025-07-26,UK
1166,Diana Moreno,Apple,Produce,7,12.87,2025-09-06,Brazil
1167,Teresa Hawkins,Cod Fillet,Seafood,2,29.63,2025-10-18,Poland
1168,Juan Schmidt,Apple,Produce,10,11.98,2025-05-21,Brazil
1169,Kimberly Taylor,Cod Fillet,Seafood,1,14.54,2025-04-23,UK
1170,Jose Holt,Cod Fillet,Seafood,5,2.54,2025-12-21,Brazil
1171,Stephanie Schmitt,Cod Fillet,Seafood,5,29.99,2025-12-21,Brazil
1172,Cassandra Anderson,Zander Fillet,Seafood,5,17.93,2025-01-03,Italy
1173,Mary Perry,Apple,Produce,10,25.62,2025-09-24,Poland
1174,Jessica Knight,Apple,Produce,9,4.66,2024-09-02,UK
1175,Tricia Alexander,Halibut Fillet,Seafood,1,20.45,2024-04-19,France
1176,James Marsh,Salmon Steak,Seafood,8,1.55,2025-01-29,USA
1177,Zachary Colon,Salmon Steak,Seafood,6,23.37,2026-01-07,UK
1178,Mary Hall,Salmon Steak,Seafood,1,16.96,2025-08-18,Italy
1179,Erica Bartlett,Cheese,Dairy,1,4.8,2024-08-07,South Korea
1180,Alexis Taylor,Orange Juice,Beverages,5,18.95,2024-05-29,USA
1181,Amber Wright,Zander Fillet,Seafood,7,4.87,2024-02-21,Germany
1182,Frederick Jenkins,Salmon Steak,Seafood,6,18.6,2025-08-30,USA
1183,Tiffany Nelson,Zander Fillet,Seafood,2,11.03,2025-05-23,Brazil
1184,Angela Buck,Cod Fillet,Seafood,8,27.39,2024-11-20,Brazil
1185,Alexis Carr,Orange Juice,Beverages,10,25.99,2024-07-04,Italy
1186,Larry Rowe,Halibut Fillet,Seafood,10,27.86,2024-03-18,USA
1187,Paul Whitney,Cod Fillet,Seafood,4,14.26,2025-01-07,USA
1188,Vanessa Beck,Banana,Produce,5,11.01,2024-07-19,Brazil
1189,Nicole Carr,Zander Fillet,Seafood,9,14.29,2024-03-15,France
1190,Mitchell Mccarty,Banana,Produce,8,6.14,2024-11-05,Germany
1191,Julie Martinez,Milk,Dairy,9,27.0,2025-02-09,UK
1192,Jacqueline Carroll,Salmon Steak,Seafood,10,7.41,2025-03-15,Italy
1193,Anthony Ramirez,Apple,Produce,2,9.01,2024-11-27,Italy
1194,Troy Fuentes,Banana,Produce,5,16.87,2024-10-08,Italy
1195,Mrs. Lauren Gill,Cheese,Dairy,10,26.92,2025-12-25,Poland
1196,Thomas Moore,Whole Wheat Bread,Bakery,9,3.59,2025-04-18,South Korea
1197,Meredith Carter,Cheese,Dairy,6,3.28,2025-09-26,Brazil
1198,Tracy Murphy,Cod Fillet,Seafood,10,26.17,2024-08-26,France
1199,Randy Murray,Cod Fillet,Seafood,3,6.27,2024-11-01,South Korea
1200,Emily Ward,Milk,Dairy,6,7.77,2024-04-17,Germany
